"count","pow","lineColor"
"0","246.4","#AF0B0B"
"50","250.2","#AF0B0B"
"100","248.8","#AF0B0B"
"150","248.2","#AF0B0B"
"200","249.2","#AF0B0B"
"250","248.5","#AF0B0B"
"300","249.9","#AF0B0B"
"350","248","#AF0B0B"
"400","249.2","#AF0B0B"
"450","249","#AF0B0B"
"500","248.5","#AF0B0B"
"550","243.3","#AF0B0B"
"600","222.7","#AF0B0B"
"650","222.2","#AF0B0B"
"700","225.2","#AF0B0B"
"750","224.6","#AF0B0B"
"800","224.8","#AF0B0B"
"850","224.9","#AF0B0B"
"900","223.5","#AF0B0B"
"950","222.9","#AF0B0B"
"1000","224.7","#AF0B0B"
"1050","224.6","#AF0B0B"
"1100","223.6","#AF0B0B"
"1150","226.3","#AF0B0B"
"1200","225.4","#AF0B0B"
"1250","225.4","#AF0B0B"
"1300","240","#AF0B0B"
"1350","223.2","#AF0B0B"
"1400","223.3","#AF0B0B"
"1450","224.8","#AF0B0B"
"1500","224.6","#AF0B0B"
"1550","224.5","#AF0B0B"
"1600","223.6","#AF0B0B"
"1650","225.4","#AF0B0B"
"1700","225.2","#AF0B0B"
"1750","223.3","#AF0B0B"
"1800","222.9","#AF0B0B"
"1850","224.8","#AF0B0B"
"1900","224.8","#AF0B0B"
"1950","223.9","#AF0B0B"
"2000","224.5","#AF0B0B"
"2050","225.8","#AF0B0B"
"2100","225.8","#AF0B0B"
"2150","224.8","#AF0B0B"
"2200","225.2","#AF0B0B"
"2250","222.9","#AF0B0B"
"2300","222.9","#AF0B0B"
"2350","226.7","#AF0B0B"
"2400","227.7","#AF0B0B"
"2450","227","#AF0B0B"
"2500","227","#AF0B0B"
"2550","223.3","#AF0B0B"
"2600","223","#AF0B0B"
"2650","223.2","#AF0B0B"
"2700","247.2","#AF0B0B"
"2750","245.9","#AF0B0B"
"2800","248","#AF0B0B"
"2850","247","#AF0B0B"
"2900","246.6","#AF0B0B"
"2950","247.4","#AF0B0B"
"3000","247.6","#AF0B0B"
"3050","247.1","#AF0B0B"
"3100","247.6","#AF0B0B"
"3150","247.6","#AF0B0B"
"3200","246.8","#AF0B0B"
"3250","245.5","#AF0B0B"
"3300","246.4","#AF0B0B"
"3350","247.3","#AF0B0B"
"3400","245.9","#AF0B0B"
"3450","247.7","#AF0B0B"
"3500","246.4","#AF0B0B"
"3550","248","#AF0B0B"
"3600","249.2","#AF0B0B"
"3650","248.1","#AF0B0B"
"3700","255.6","#AF0B0B"
"3750","250.6","#AF0B0B"
"3800","224.2","#AF0B0B"
"3850","223.9","#AF0B0B"
"3900","224.5","#AF0B0B"
"3950","224.2","#AF0B0B"
"4000","222.9","#AF0B0B"
"4050","224.2","#AF0B0B"
"4100","224.2","#AF0B0B"
"4150","224.6","#AF0B0B"
"4200","223.9","#AF0B0B"
"4250","223.9","#AF0B0B"
"4300","221.7","#AF0B0B"
"4350","221.7","#AF0B0B"
"4400","243.8","#AF0B0B"
"4450","241.7","#AF0B0B"
"4500","228.9","#AF0B0B"
"4550","244.5","#AF0B0B"
"4600","228.2","#AF0B0B"
"4650","234.3","#AF0B0B"
"4700","227","#AF0B0B"
"4750","228.8","#AF0B0B"
"4800","231","#AF0B0B"
"4850","229","#AF0B0B"
"4900","229.6","#AF0B0B"
"4950","233.2","#AF0B0B"
"5000","225.3","#AF0B0B"
"5050","231","#AF0B0B"
"5100","224.2","#AF0B0B"
"5150","224.4","#AF0B0B"
"5200","227.9","#AF0B0B"
"5250","233","#AF0B0B"
"5300","225.8","#AF0B0B"
"5350","225.7","#AF0B0B"
"5400","236","#076969"
"5450","249","#076969"
"5500","252.3","#076969"
"5550","248.7","#076969"
"5600","248.9","#076969"
"5650","249.2","#076969"
"5700","202.2","#AF550B"
"5750","51.7","#AF550B"
"5800","51.7","#AF550B"
"5850","51.7","#AF550B"
"5900","51.7","#AF550B"
"5950","51.7","#AF550B"
"6000","51.7","#AF550B"
"6050","51.7","#AF550B"
"6100","51.7","#AF550B"
"6150","51.4","#AF550B"
"6200","51.7","#AF550B"
"6250","51.7","#AF550B"
"6300","52","#AF550B"
"6350","51.7","#AF550B"
"6400","51.7","#AF550B"
"6450","51.4","#AF550B"
"6500","51.7","#AF550B"
"6550","51.4","#AF550B"
"6600","51.7","#AF550B"
"6650","51.4","#AF550B"
"6700","51.4","#AF550B"
"6750","51.7","#AF550B"
"6800","51.7","#AF550B"
"6850","51.4","#AF550B"
"6900","51.4","#AF550B"
"6950","51.7","#AF550B"
"7000","51.7","#AF550B"
"7050","51.7","#AF550B"
"7100","51.4","#AF550B"
"7150","51.4","#AF550B"
"7200","51.4","#AF550B"
"7250","51.7","#AF550B"
"7300","51.7","#AF550B"
"7350","51.7","#AF550B"
"7400","51.7","#AF550B"
"7450","51.4","#AF550B"
"7500","51.4","#AF550B"
"7550","51.7","#AF550B"
"7600","51.7","#AF550B"
"7650","51.7","#AF550B"
"7700","51.4","#AF550B"
"7750","51.7","#AF550B"
"7800","51.7","#AF550B"
"7850","51.7","#AF550B"
"7900","49.8","#AF550B"
"7950","51.4","#AF550B"
"8000","51.4","#AF550B"
"8050","52","#AF550B"
"8100","51.7","#AF550B"
"8150","51.7","#AF550B"
"8200","51.4","#AF550B"
"8250","51.4","#AF550B"
"8300","51.7","#AF550B"
"8350","51.7","#AF550B"
"8400","51.4","#AF550B"
"8450","51.4","#AF550B"
"8500","51.4","#AF550B"
"8550","51.7","#AF550B"
"8600","51.4","#AF550B"
"8650","51.7","#AF550B"
"8700","51.7","#AF550B"
"8750","51.4","#AF550B"
"8800","51.4","#AF550B"
"8850","51.7","#AF550B"
"8900","51.4","#AF550B"
"8950","51.4","#AF550B"
"9000","51.4","#AF550B"
"9050","51.7","#AF550B"
"9100","51.4","#AF550B"
"9150","51.4","#AF550B"
"9200","51.7","#AF550B"
"9250","51.4","#AF550B"
"9300","51.4","#AF550B"
"9350","51.4","#AF550B"
"9400","51.4","#AF550B"
"9450","52.4","#AF550B"
"9500","53","#AF550B"
"9550","51.4","#AF550B"
"9600","51.4","#AF550B"
"9650","51.4","#AF550B"
"9700","51.4","#AF550B"
"9750","51.7","#AF550B"
"9800","51.4","#AF550B"
"9850","51.4","#AF550B"
"9900","51.7","#AF550B"
"9950","51.4","#AF550B"
"10000","51.4","#AF550B"
"10050","51.4","#AF550B"
"10100","51.4","#AF550B"
"10150","51.7","#AF550B"
"10200","51.7","#AF550B"
"10250","51.7","#AF550B"
"10300","53.3","#AF550B"
"10350","51.7","#AF550B"
"10400","51.4","#AF550B"
"10450","51.4","#AF550B"
"10500","51.4","#AF550B"
"10550","51.4","#AF550B"
"10600","51.4","#AF550B"
"10650","51.7","#AF550B"
"10700","52","#AF550B"
"10750","51.7","#AF550B"
"10800","51.4","#AF550B"
"10850","51.4","#AF550B"
"10900","51.7","#AF550B"
"10950","51.4","#AF550B"
"11000","51.4","#AF550B"
"11050","51.4","#AF550B"
"11100","51.4","#AF550B"
"11150","51.4","#AF550B"
"11200","51.7","#AF550B"
"11250","51.4","#AF550B"
"11300","51.4","#AF550B"
"11350","51.7","#AF550B"
"11400","51.4","#AF550B"
"11450","51.4","#AF550B"
"11500","51.4","#AF550B"
"11550","51.4","#AF550B"
"11600","51.4","#AF550B"
"11650","51.4","#AF550B"
"11700","51.7","#AF550B"
"11750","51.7","#AF550B"
"11800","51.7","#AF550B"
"11850","51.4","#AF550B"
"11900","51.4","#AF550B"
"11950","51.7","#AF550B"
"12000","51.4","#AF550B"
"12050","51.4","#AF550B"
"12100","51.4","#AF550B"
"12150","51.4","#AF550B"
"12200","51.4","#AF550B"
"12250","51.4","#AF550B"
"12300","51.4","#AF550B"
"12350","51.4","#AF550B"
"12400","51.4","#AF550B"
"12450","51.7","#AF550B"
"12500","51.4","#AF550B"
"12550","51.4","#AF550B"
"12600","51.4","#AF550B"
"12650","51.4","#AF550B"
"12700","51.4","#AF550B"
"12750","51.7","#AF550B"
"12800","51.4","#AF550B"
"12850","51.4","#AF550B"
"12900","51.7","#AF550B"
"12950","51.4","#AF550B"
"13000","51.4","#AF550B"
"13050","51.4","#AF550B"
"13100","51.4","#AF550B"
"13150","51.4","#AF550B"
"13200","51.4","#AF550B"
"13250","51.4","#AF550B"
"13300","51.4","#AF550B"
"13350","51.7","#AF550B"
"13400","51.1","#AF550B"
"13450","51.4","#AF550B"
"13500","51.7","#AF550B"
"13550","51.4","#AF550B"
"13600","51.4","#AF550B"
"13650","51.7","#AF550B"
"13700","51.4","#AF550B"
"13750","51.4","#AF550B"
"13800","51.4","#AF550B"
"13850","51.7","#AF550B"
"13900","51.4","#AF550B"
"13950","51.4","#AF550B"
"14000","51.4","#AF550B"
"14050","51.4","#AF550B"
"14100","51.4","#AF550B"
"14150","51.4","#AF550B"
"14200","51.4","#AF550B"
"14250","51.4","#AF550B"
"14300","51.4","#AF550B"
"14350","51.4","#AF550B"
"14400","51.4","#AF550B"
"14450","51.4","#AF550B"
"14500","51.4","#AF550B"
"14550","51.4","#AF550B"
"14600","51.4","#AF550B"
"14650","51.4","#AF550B"
"14700","51.4","#AF550B"
"14750","51.7","#AF550B"
"14800","51.4","#AF550B"
"14850","51.4","#AF550B"
"14900","51.4","#AF550B"
"14950","51.4","#AF550B"
"15000","51.4","#AF550B"
"15050","51.4","#AF550B"
"15100","51.4","#AF550B"
"15150","51.7","#AF550B"
"15200","51.4","#AF550B"
"15250","51.4","#AF550B"
"15300","51.4","#AF550B"
"15350","51.4","#AF550B"
"15400","51.4","#AF550B"
"15450","51.7","#AF550B"
"15500","51.7","#AF550B"
"15550","51.4","#AF550B"
"15600","51.4","#AF550B"
"15650","52","#AF550B"
"15700","101.7","#098C09"
"15750","250.1","#098C09"
"15800","252","#098C09"
"15850","255.4","#098C09"
"15900","251.1","#098C09"
"15950","254.5","#098C09"
"16000","250.4","#098C09"
"16050","248.8","#098C09"
"16100","254.3","#098C09"
"16150","253.3","#098C09"
"16200","250.4","#098C09"
"16250","252.6","#098C09"
"16300","243","#098C09"
"16350","224.8","#098C09"
"16400","224.8","#098C09"
"16450","234.1","#098C09"
"16500","222.6","#098C09"
"16550","222.4","#098C09"
"16600","222.9","#098C09"
"16650","222.6","#098C09"
"16700","222.6","#098C09"
"16750","224.9","#098C09"
"16800","225.8","#098C09"
"16850","224.8","#098C09"
"16900","224.2","#098C09"
"16950","226.4","#098C09"
"17000","225.5","#098C09"
"17050","224.2","#098C09"
"17100","222.6","#098C09"
"17150","222.6","#098C09"
"17200","225.5","#098C09"
"17250","224.5","#098C09"
"17300","224","#098C09"
"17350","224.2","#098C09"
"17400","224.9","#098C09"
"17450","225.1","#098C09"
"17500","225.4","#098C09"
"17550","226.2","#098C09"
"17600","226.1","#098C09"
"17650","229.9","#098C09"
"17700","223.3","#098C09"
"17750","223.9","#098C09"
"17800","227","#098C09"
"17850","223.5","#098C09"
"17900","224.2","#098C09"
"17950","232.7","#098C09"
"18000","224.8","#098C09"
"18050","226.4","#098C09"
"18100","232.5","#098C09"
"18150","227.7","#098C09"
"18200","226.1","#098C09"
"18250","235.4","#098C09"
"18300","226.4","#098C09"
"18350","226.4","#098C09"
"18400","226.9","#098C09"
"18450","246.6","#098C09"
"18500","246.4","#098C09"
"18550","246.4","#098C09"
"18600","245.2","#098C09"
"18650","245.3","#098C09"
"18700","248","#098C09"
"18750","246.8","#098C09"
"18800","245.6","#098C09"
"18850","246.8","#098C09"
"18900","245.3","#098C09"
"18950","247.5","#098C09"
"19000","247","#098C09"
"19050","246.7","#098C09"
"19100","246.1","#098C09"
"19150","246.7","#098C09"
"19200","246","#098C09"
"19250","245.9","#098C09"
"19300","246.2","#098C09"
"19350","248.5","#098C09"
"19400","247.6","#098C09"
"19450","244.1","#098C09"
"19500","264.3","#098C09"
"19550","223.8","#098C09"
"19600","223.7","#098C09"
"19650","207.3","#098C09"
"19700","222.9","#098C09"
"19750","222.6","#098C09"
"19800","223.8","#098C09"
"19850","221.5","#098C09"
"19900","223.9","#098C09"
"19950","223","#098C09"
"20000","223.5","#098C09"
"20050","223.6","#098C09"
"20100","224.6","#098C09"
"20150","246.6","#AF0B0B"
"20200","240.9","#AF0B0B"
"20250","225.2","#AF0B0B"
"20300","225.4","#AF0B0B"
"20350","226.6","#AF0B0B"
"20400","231.2","#AF0B0B"
"20450","223.6","#AF0B0B"
"20500","225.1","#AF0B0B"
"20550","227.3","#AF0B0B"
"20600","234.7","#AF0B0B"
"20650","225.4","#AF0B0B"
"20700","228.2","#AF0B0B"
"20750","234.2","#AF0B0B"
"20800","225.7","#AF0B0B"
"20850","231.9","#AF0B0B"
"20900","225.2","#AF0B0B"
"20950","225.9","#AF0B0B"
"21000","234.7","#AF0B0B"
"21050","225.8","#AF0B0B"
"21100","227","#AF0B0B"
"21150","226.3","#AF0B0B"
"21200","245.2","#076969"
"21250","246","#076969"
"21300","250.1","#076969"
"21350","247.3","#076969"
"21400","249.8","#076969"
"21450","246.8","#076969"
"21500","102.4","#AF550B"
"21550","51.7","#AF550B"
"21600","51.7","#AF550B"
"21650","51.7","#AF550B"
"21700","51.7","#AF550B"
"21750","51.7","#AF550B"
"21800","51.7","#AF550B"
"21850","51.7","#AF550B"
"21900","51.7","#AF550B"
"21950","51.7","#AF550B"
"22000","51.7","#AF550B"
"22050","51.7","#AF550B"
"22100","51.7","#AF550B"
"22150","51.7","#AF550B"
"22200","51.7","#AF550B"
"22250","51.7","#AF550B"
"22300","51.7","#AF550B"
"22350","51.7","#AF550B"
"22400","51.4","#AF550B"
"22450","51.4","#AF550B"
"22500","51.7","#AF550B"
"22550","52","#AF550B"
"22600","51.7","#AF550B"
"22650","51.7","#AF550B"
"22700","51.7","#AF550B"
"22750","51.7","#AF550B"
"22800","51.7","#AF550B"
"22850","51.7","#AF550B"
"22900","52.3","#AF550B"
"22950","51.7","#AF550B"
"23000","51.7","#AF550B"
"23050","51.7","#AF550B"
"23100","51.7","#AF550B"
"23150","51.4","#AF550B"
"23200","51.4","#AF550B"
"23250","51.4","#AF550B"
"23300","51.7","#AF550B"
"23350","51.7","#AF550B"
"23400","51.7","#AF550B"
"23450","51.4","#AF550B"
"23500","51.4","#AF550B"
"23550","51.7","#AF550B"
"23600","51.7","#AF550B"
"23650","51.7","#AF550B"
"23700","51.4","#AF550B"
"23750","51.7","#AF550B"
"23800","51.7","#AF550B"
"23850","51.7","#AF550B"
"23900","51.7","#AF550B"
"23950","51.4","#AF550B"
"24000","51.7","#AF550B"
"24050","51.4","#AF550B"
"24100","51.7","#AF550B"
"24150","51.7","#AF550B"
"24200","51.7","#AF550B"
"24250","51.4","#AF550B"
"24300","51.7","#AF550B"
"24350","51.7","#AF550B"
"24400","51.7","#AF550B"
"24450","51.7","#AF550B"
"24500","51.7","#AF550B"
"24550","51.7","#AF550B"
"24600","51.7","#AF550B"
"24650","51.7","#AF550B"
"24700","52","#AF550B"
"24750","51.7","#AF550B"
"24800","51.7","#AF550B"
"24850","51.4","#AF550B"
"24900","51.7","#AF550B"
"24950","51.4","#AF550B"
"25000","51.4","#AF550B"
"25050","51.4","#AF550B"
"25100","51.7","#AF550B"
"25150","51.4","#AF550B"
"25200","51.4","#AF550B"
"25250","51.7","#AF550B"
"25300","51.4","#AF550B"
"25350","51.7","#AF550B"
"25400","51.4","#AF550B"
"25450","51.7","#AF550B"
"25500","51.7","#AF550B"
"25550","51.7","#AF550B"
"25600","51.4","#AF550B"
"25650","51.4","#AF550B"
"25700","51.7","#AF550B"
"25750","51.7","#AF550B"
"25800","51.7","#AF550B"
"25850","51.7","#AF550B"
"25900","51.7","#AF550B"
"25950","51.7","#AF550B"
"26000","51.4","#AF550B"
"26050","51.4","#AF550B"
"26100","51.7","#AF550B"
"26150","51.7","#AF550B"
"26200","51.4","#AF550B"
"26250","51.4","#AF550B"
"26300","51.7","#AF550B"
"26350","51.7","#AF550B"
"26400","51.7","#AF550B"
"26450","51.4","#AF550B"
"26500","51.4","#AF550B"
"26550","51.7","#AF550B"
"26600","51.4","#AF550B"
"26650","51.7","#AF550B"
"26700","51.4","#AF550B"
"26750","51.7","#AF550B"
"26800","51.7","#AF550B"
"26850","51.7","#AF550B"
"26900","51.4","#AF550B"
"26950","51.7","#AF550B"
"27000","51.7","#AF550B"
"27050","51.4","#AF550B"
"27100","51.4","#AF550B"
"27150","51.7","#AF550B"
"27200","51.4","#AF550B"
"27250","51.4","#AF550B"
"27300","51.7","#AF550B"
"27350","51.4","#AF550B"
"27400","51.4","#AF550B"
"27450","51.7","#AF550B"
"27500","51.7","#AF550B"
"27550","51.7","#AF550B"
"27600","51.4","#AF550B"
"27650","51.7","#AF550B"
"27700","52","#AF550B"
"27750","51.7","#AF550B"
"27800","51.4","#AF550B"
"27850","51.7","#AF550B"
"27900","51.7","#AF550B"
"27950","51.7","#AF550B"
"28000","51.7","#AF550B"
"28050","51.7","#AF550B"
"28100","52","#AF550B"
"28150","51.4","#AF550B"
"28200","51.7","#AF550B"
"28250","51.7","#AF550B"
"28300","51.7","#AF550B"
"28350","51.7","#AF550B"
"28400","51.7","#AF550B"
"28450","51.7","#AF550B"
"28500","51.7","#AF550B"
"28550","51.4","#AF550B"
"28600","51.4","#AF550B"
"28650","51.7","#AF550B"
"28700","51.4","#AF550B"
"28750","51.4","#AF550B"
"28800","51.7","#AF550B"
"28850","51.7","#AF550B"
"28900","51.4","#AF550B"
"28950","51.7","#AF550B"
"29000","51.4","#AF550B"
"29050","51.7","#AF550B"
"29100","51.4","#AF550B"
"29150","51.4","#AF550B"
"29200","51.4","#AF550B"
"29250","51.7","#AF550B"
"29300","51.4","#AF550B"
"29350","51.7","#AF550B"
"29400","51.4","#AF550B"
"29450","51.4","#AF550B"
"29500","51.4","#AF550B"
"29550","51.4","#AF550B"
"29600","51.4","#AF550B"
"29650","51.7","#AF550B"
"29700","51.7","#AF550B"
"29750","51.7","#AF550B"
"29800","51.4","#AF550B"
"29850","51.4","#AF550B"
"29900","51.4","#AF550B"
"29950","51.7","#AF550B"
"30000","51.7","#AF550B"
"30050","51.4","#AF550B"
"30100","51.4","#AF550B"
"30150","51.4","#AF550B"
"30200","51.7","#AF550B"
"30250","51.4","#AF550B"
"30300","51.4","#AF550B"
"30350","51.7","#AF550B"
"30400","51.7","#AF550B"
"30450","51.4","#AF550B"
"30500","51.4","#AF550B"
"30550","51.4","#AF550B"
"30600","51.7","#AF550B"
"30650","51.7","#AF550B"
"30700","51.4","#AF550B"
"30750","51.4","#AF550B"
"30800","51.4","#AF550B"
"30850","51.7","#AF550B"
"30900","51.4","#AF550B"
"30950","51.4","#AF550B"
"31000","51.7","#AF550B"
"31050","51.4","#AF550B"
"31100","51.4","#AF550B"
"31150","51.7","#AF550B"
"31200","51.7","#AF550B"
"31250","51.7","#AF550B"
"31300","51.4","#AF550B"
"31350","51.4","#AF550B"
"31400","51.4","#AF550B"
"31450","51.7","#AF550B"
"31500","200.9","#098C09"
"31550","250.5","#098C09"
"31600","249","#098C09"
"31650","249.5","#098C09"
"31700","253.6","#098C09"
"31750","251.7","#098C09"
"31800","254.6","#098C09"
"31850","254.2","#098C09"
"31900","251.4","#098C09"
"31950","249.5","#098C09"
"32000","250.5","#098C09"
"32050","251.1","#098C09"
"32100","222.3","#098C09"
"32150","222.6","#098C09"
"32200","223.6","#098C09"
"32250","225.1","#098C09"
"32300","224.8","#098C09"
"32350","225.8","#098C09"
"32400","225.8","#098C09"
"32450","225.4","#098C09"
"32500","225.1","#098C09"
"32550","226.4","#098C09"
"32600","223.3","#098C09"
"32650","223.9","#098C09"
"32700","238.4","#098C09"
"32750","222.3","#098C09"
"32800","223.2","#098C09"
"32850","232.9","#098C09"
"32900","223.8","#098C09"
"32950","224.2","#098C09"
"33000","225.4","#098C09"
"33050","225.1","#098C09"
"33100","225.1","#098C09"
"33150","226.2","#098C09"
"33200","224.8","#098C09"
"33250","225.2","#098C09"
"33300","222.9","#098C09"
"33350","222.9","#098C09"
"33400","224.5","#098C09"
"33450","225.1","#098C09"
"33500","226.1","#098C09"
"33550","225.1","#098C09"
"33600","222.9","#098C09"
"33650","223.3","#098C09"
"33700","223.5","#098C09"
"33750","224.8","#098C09"
"33800","225.8","#098C09"
"33850","226.4","#098C09"
"33900","225.1","#098C09"
"33950","225.4","#098C09"
"34000","225.4","#098C09"
"34050","226.4","#098C09"
"34100","225.7","#098C09"
"34150","224.3","#098C09"
"34200","240.8","#098C09"
"34250","245.2","#098C09"
"34300","247","#098C09"
"34350","246.1","#098C09"
"34400","246.5","#098C09"
"34450","247.5","#098C09"
"34500","247.9","#098C09"
"34550","247.2","#098C09"
"34600","246.8","#098C09"
"34650","246","#098C09"
"34700","246.4","#098C09"
"34750","246.1","#098C09"
"34800","244.5","#098C09"
"34850","245.9","#098C09"
"34900","245.9","#098C09"
"34950","247.2","#098C09"
"35000","246.5","#098C09"
"35050","247.9","#098C09"
"35100","249.2","#098C09"
"35150","248.9","#098C09"
"35200","244.8","#098C09"
"35250","266.2","#098C09"
"35300","223.6","#098C09"
"35350","223.9","#098C09"
"35400","226","#098C09"
"35450","222.2","#098C09"
"35500","222.9","#098C09"
"35550","223.6","#098C09"
"35600","223.3","#098C09"
"35650","224.2","#098C09"
"35700","222.6","#098C09"
"35750","222.9","#098C09"
"35800","223.3","#098C09"
"35850","224.2","#098C09"
"35900","222.8","#098C09"
"35950","224.2","#098C09"
"36000","224","#AF0B0B"
"36050","242.3","#AF0B0B"
"36100","226.7","#AF0B0B"
"36150","227.5","#AF0B0B"
"36200","219.1","#AF0B0B"
"36250","223.2","#AF0B0B"
"36300","231.4","#AF0B0B"
"36350","228.3","#AF0B0B"
"36400","224","#AF0B0B"
"36450","226.7","#AF0B0B"
"36500","226.6","#AF0B0B"
"36550","233.4","#AF0B0B"
"36600","245","#AF0B0B"
"36650","233.3","#AF0B0B"
"36700","227.8","#AF0B0B"
"36750","225","#AF0B0B"
"36800","228.9","#AF0B0B"
"36850","225.3","#AF0B0B"
"36900","225.1","#AF0B0B"
"36950","228.4","#AF0B0B"
"37000","232.3","#AF0B0B"
"37050","251.7","#076969"
"37100","249.5","#076969"
"37150","248","#076969"
"37200","249.2","#076969"
"37250","248.8","#076969"
"37300","249.5","#076969"
"37350","116.5","#AF550B"
"37400","51.7","#AF550B"
"37450","51.7","#AF550B"
"37500","52","#AF550B"
"37550","51.7","#AF550B"
"37600","51.7","#AF550B"
"37650","51.7","#AF550B"
"37700","51.7","#AF550B"
"37750","51.7","#AF550B"
"37800","51.7","#AF550B"
"37850","51.7","#AF550B"
"37900","51.7","#AF550B"
"37950","51.7","#AF550B"
"38000","52","#AF550B"
"38050","51.7","#AF550B"
"38100","52","#AF550B"
"38150","51.7","#AF550B"
"38200","51.7","#AF550B"
"38250","51.7","#AF550B"
"38300","51.7","#AF550B"
"38350","51.7","#AF550B"
"38400","51.7","#AF550B"
"38450","51.7","#AF550B"
"38500","51.7","#AF550B"
"38550","51.7","#AF550B"
"38600","51.4","#AF550B"
"38650","51.7","#AF550B"
"38700","51.7","#AF550B"
"38750","51.7","#AF550B"
"38800","51.7","#AF550B"
"38850","51.7","#AF550B"
"38900","51.4","#AF550B"
"38950","51.7","#AF550B"
"39000","51.7","#AF550B"
"39050","51.4","#AF550B"
"39100","51.7","#AF550B"
"39150","51.7","#AF550B"
"39200","51.7","#AF550B"
"39250","51.7","#AF550B"
"39300","51.7","#AF550B"
"39350","51.7","#AF550B"
"39400","51.7","#AF550B"
"39450","51.4","#AF550B"
"39500","51.7","#AF550B"
"39550","51.7","#AF550B"
"39600","51.7","#AF550B"
"39650","51.7","#AF550B"
"39700","51.7","#AF550B"
"39750","51.7","#AF550B"
"39800","51.4","#AF550B"
"39850","51.7","#AF550B"
"39900","51.7","#AF550B"
"39950","51.7","#AF550B"
"40000","51.7","#AF550B"
"40050","51.4","#AF550B"
"40100","51.7","#AF550B"
"40150","51.7","#AF550B"
"40200","51.4","#AF550B"
"40250","51.4","#AF550B"
"40300","51.7","#AF550B"
"40350","51.4","#AF550B"
"40400","51.4","#AF550B"
"40450","51.7","#AF550B"
"40500","51.4","#AF550B"
"40550","51.4","#AF550B"
"40600","51.4","#AF550B"
"40650","51.7","#AF550B"
"40700","51.4","#AF550B"
"40750","51.7","#AF550B"
"40800","51.4","#AF550B"
"40850","51.4","#AF550B"
"40900","51.7","#AF550B"
"40950","51.7","#AF550B"
"41000","51.4","#AF550B"
"41050","51.7","#AF550B"
"41100","51.7","#AF550B"
"41150","51.4","#AF550B"
"41200","51.7","#AF550B"
"41250","51.7","#AF550B"
"41300","51.7","#AF550B"
"41350","51.4","#AF550B"
"41400","51.4","#AF550B"
"41450","51.4","#AF550B"
"41500","51.7","#AF550B"
"41550","51.4","#AF550B"
"41600","51.7","#AF550B"
"41650","51.7","#AF550B"
"41700","51.4","#AF550B"
"41750","51.7","#AF550B"
"41800","51.7","#AF550B"
"41850","51.4","#AF550B"
"41900","51.7","#AF550B"
"41950","51.4","#AF550B"
"42000","51.7","#AF550B"
"42050","51.7","#AF550B"
"42100","51.7","#AF550B"
"42150","51.4","#AF550B"
"42200","51.7","#AF550B"
"42250","51.7","#AF550B"
"42300","51.7","#AF550B"
"42350","51.4","#AF550B"
"42400","51.7","#AF550B"
"42450","51.4","#AF550B"
"42500","51.7","#AF550B"
"42550","51.7","#AF550B"
"42600","51.4","#AF550B"
"42650","51.4","#AF550B"
"42700","51.4","#AF550B"
"42750","51.4","#AF550B"
"42800","51.7","#AF550B"
"42850","51.7","#AF550B"
"42900","51.4","#AF550B"
"42950","51.7","#AF550B"
"43000","51.4","#AF550B"
"43050","51.4","#AF550B"
"43100","51.7","#AF550B"
"43150","51.4","#AF550B"
"43200","51.7","#AF550B"
"43250","51.7","#AF550B"
"43300","51.4","#AF550B"
"43350","51.7","#AF550B"
"43400","51.4","#AF550B"
"43450","51.7","#AF550B"
"43500","51.7","#AF550B"
"43550","51.4","#AF550B"
"43600","51.4","#AF550B"
"43650","51.7","#AF550B"
"43700","51.7","#AF550B"
"43750","51.4","#AF550B"
"43800","51.4","#AF550B"
"43850","51.4","#AF550B"
"43900","51.7","#AF550B"
"43950","51.4","#AF550B"
"44000","51.4","#AF550B"
"44050","51.4","#AF550B"
"44100","51.7","#AF550B"
"44150","51.4","#AF550B"
"44200","51.4","#AF550B"
"44250","51.7","#AF550B"
"44300","51.7","#AF550B"
"44350","51.4","#AF550B"
"44400","51.4","#AF550B"
"44450","51.7","#AF550B"
"44500","51.7","#AF550B"
"44550","51.4","#AF550B"
"44600","51.7","#AF550B"
"44650","51.7","#AF550B"
"44700","51.4","#AF550B"
"44750","51.7","#AF550B"
"44800","51.4","#AF550B"
"44850","51.7","#AF550B"
"44900","51.7","#AF550B"
"44950","51.7","#AF550B"
"45000","51.4","#AF550B"
"45050","51.4","#AF550B"
"45100","51.4","#AF550B"
"45150","51.7","#AF550B"
"45200","51.4","#AF550B"
"45250","51.4","#AF550B"
"45300","51.7","#AF550B"
"45350","51.7","#AF550B"
"45400","51.4","#AF550B"
"45450","51.7","#AF550B"
"45500","51.4","#AF550B"
"45550","51.4","#AF550B"
"45600","51.7","#AF550B"
"45650","51.4","#AF550B"
"45700","51.4","#AF550B"
"45750","51.7","#AF550B"
"45800","51.4","#AF550B"
"45850","51.7","#AF550B"
"45900","51.4","#AF550B"
"45950","51.7","#AF550B"
"46000","51.4","#AF550B"
"46050","51.4","#AF550B"
"46100","51.7","#AF550B"
"46150","51.4","#AF550B"
"46200","51.7","#AF550B"
"46250","51.7","#AF550B"
"46300","51.4","#AF550B"
"46350","51.4","#AF550B"
"46400","51.7","#AF550B"
"46450","51.7","#AF550B"
"46500","51.7","#AF550B"
"46550","51.4","#AF550B"
"46600","51.7","#AF550B"
"46650","51.4","#AF550B"
"46700","51.4","#AF550B"
"46750","51.7","#AF550B"
"46800","51.4","#AF550B"
"46850","51.4","#AF550B"
"46900","51.7","#AF550B"
"46950","51.7","#AF550B"
"47000","51.4","#AF550B"
"47050","51.4","#AF550B"
"47100","51.4","#AF550B"
"47150","51.4","#AF550B"
"47200","51.4","#AF550B"
"47250","51.4","#AF550B"
"47300","51.7","#AF550B"
"47350","245.8","#098C09"
"47400","250.4","#098C09"
"47450","248.6","#098C09"
"47500","248","#098C09"
"47550","248.3","#098C09"
"47600","248","#098C09"
"47650","249.3","#098C09"
"47700","249.6","#098C09"
"47750","249.2","#098C09"
"47800","248.3","#098C09"
"47850","253.2","#098C09"
"47900","245.5","#098C09"
"47950","222.9","#098C09"
"48000","222.9","#098C09"
"48050","240.7","#098C09"
"48100","224.9","#098C09"
"48150","224.6","#098C09"
"48200","236.1","#098C09"
"48250","225.4","#098C09"
"48300","216.6","#098C09"
"48350","224.9","#098C09"
"48400","224","#098C09"
"48450","223.6","#098C09"
"48500","224.3","#098C09"
"48550","223","#098C09"
"48600","223.3","#098C09"
"48650","224.5","#098C09"
"48700","225.4","#098C09"
"48750","225.1","#098C09"
"48800","223.5","#098C09"
"48850","224.8","#098C09"
"48900","225.1","#098C09"
"48950","228","#098C09"
"49000","224.3","#098C09"
"49050","225.2","#098C09"
"49100","223.8","#098C09"
"49150","223.5","#098C09"
"49200","224.6","#098C09"
"49250","224.2","#098C09"
"49300","225.6","#098C09"
"49350","220.3","#098C09"
"49400","224.2","#098C09"
"49450","227","#098C09"
"49500","225.5","#098C09"
"49550","224.9","#098C09"
"49600","233.1","#098C09"
"49650","224.9","#098C09"
"49700","225.2","#098C09"
"49750","229.1","#098C09"
"49800","223.6","#098C09"
"49850","223.6","#098C09"
"49900","232.4","#098C09"
"49950","226.4","#098C09"
"50000","224.9","#098C09"
"50050","243.1","#098C09"
"50100","246.7","#098C09"
"50150","245.8","#098C09"
"50200","246.8","#098C09"
"50250","245.2","#098C09"
"50300","246.2","#098C09"
"50350","248","#098C09"
"50400","246.4","#098C09"
"50450","247","#098C09"
"50500","246.4","#098C09"
"50550","247.6","#098C09"
"50600","246.9","#098C09"
"50650","246.5","#098C09"
"50700","245.2","#098C09"
"50750","244.4","#098C09"
"50800","246.9","#098C09"
"50850","246","#098C09"
"50900","247.3","#098C09"
"50950","248.7","#098C09"
"51000","252","#098C09"
"51050","246","#098C09"
"51100","248.8","#098C09"
"51150","222.6","#098C09"
"51200","222.6","#098C09"
"51250","222.7","#098C09"
"51300","223.8","#098C09"
"51350","222.2","#098C09"
"51400","223.6","#098C09"
"51450","223.2","#098C09"
"51500","223.6","#098C09"
"51550","222.9","#098C09"
"51600","223.9","#098C09"
"51650","224","#AF0B0B"
"51700","230.4","#AF0B0B"
"51750","228.9","#AF0B0B"
"51800","219.5","#AF0B0B"
"51850","228.2","#AF0B0B"
"51900","227","#AF0B0B"
"51950","225.7","#AF0B0B"
"52000","226.3","#AF0B0B"
"52050","230.4","#AF0B0B"
"52100","230.2","#AF0B0B"
"52150","234.5","#AF0B0B"
"52200","228.8","#AF0B0B"
"52250","224.9","#AF0B0B"
"52300","225.4","#AF0B0B"
"52350","228.9","#AF0B0B"
"52400","226","#AF0B0B"
"52450","226.1","#AF0B0B"
"52500","226.7","#AF0B0B"
"52550","225.5","#AF0B0B"
"52600","226.1","#AF0B0B"
"52650","232.8","#AF0B0B"
"52700","243.3","#076969"
"52750","250.4","#076969"
"52800","251.5","#076969"
"52850","248","#076969"
"52900","248.8","#076969"
"52950","248.6","#076969"
"53000","108.5","#AF550B"
"53050","51.7","#AF550B"
"53100","52","#AF550B"
"53150","51.7","#AF550B"
"53200","51.7","#AF550B"
"53250","51.7","#AF550B"
"53300","51.7","#AF550B"
"53350","51.7","#AF550B"
"53400","51.7","#AF550B"
"53450","51.7","#AF550B"
"53500","51.4","#AF550B"
"53550","51.7","#AF550B"
"53600","51.7","#AF550B"
"53650","51.7","#AF550B"
"53700","51.7","#AF550B"
"53750","52","#AF550B"
"53800","51.7","#AF550B"
"53850","51.7","#AF550B"
"53900","51.7","#AF550B"
"53950","51.7","#AF550B"
"54000","51.7","#AF550B"
"54050","51.7","#AF550B"
"54100","51.7","#AF550B"
"54150","51.7","#AF550B"
"54200","51.7","#AF550B"
"54250","52.7","#AF550B"
"54300","51.7","#AF550B"
"54350","51.7","#AF550B"
"54400","51.7","#AF550B"
"54450","51.4","#AF550B"
"54500","52","#AF550B"
"54550","51.7","#AF550B"
"54600","51.7","#AF550B"
"54650","51.7","#AF550B"
"54700","51.7","#AF550B"
"54750","51.7","#AF550B"
"54800","51.7","#AF550B"
"54850","51.4","#AF550B"
"54900","51.7","#AF550B"
"54950","51.7","#AF550B"
"55000","51.4","#AF550B"
"55050","51.7","#AF550B"
"55100","51.7","#AF550B"
"55150","51.7","#AF550B"
"55200","51.4","#AF550B"
"55250","52","#AF550B"
"55300","51.7","#AF550B"
"55350","51.7","#AF550B"
"55400","51.7","#AF550B"
"55450","51.7","#AF550B"
"55500","51.7","#AF550B"
"55550","51.7","#AF550B"
"55600","51.7","#AF550B"
"55650","51.4","#AF550B"
"55700","51.7","#AF550B"
"55750","51.7","#AF550B"
"55800","51.4","#AF550B"
"55850","51.7","#AF550B"
"55900","51.4","#AF550B"
"55950","51.7","#AF550B"
"56000","51.7","#AF550B"
"56050","51.4","#AF550B"
"56100","51.4","#AF550B"
"56150","51.7","#AF550B"
"56200","51.7","#AF550B"
"56250","51.7","#AF550B"
"56300","51.7","#AF550B"
"56350","51.4","#AF550B"
"56400","51.7","#AF550B"
"56450","51.7","#AF550B"
"56500","53.7","#AF550B"
"56550","51.7","#AF550B"
"56600","51.7","#AF550B"
"56650","51.7","#AF550B"
"56700","52","#AF550B"
"56750","51.4","#AF550B"
"56800","51.4","#AF550B"
"56850","51.7","#AF550B"
"56900","51.7","#AF550B"
"56950","51.7","#AF550B"
"57000","51.7","#AF550B"
"57050","51.4","#AF550B"
"57100","48.1","#AF550B"
"57150","51.7","#AF550B"
"57200","51.7","#AF550B"
"57250","51.4","#AF550B"
"57300","51.7","#AF550B"
"57350","51.4","#AF550B"
"57400","51.7","#AF550B"
"57450","51.7","#AF550B"
"57500","51.7","#AF550B"
"57550","51.4","#AF550B"
"57600","51.7","#AF550B"
"57650","51.4","#AF550B"
"57700","51.4","#AF550B"
"57750","51.4","#AF550B"
"57800","51.7","#AF550B"
"57850","51.7","#AF550B"
"57900","51.7","#AF550B"
"57950","53.3","#AF550B"
"58000","51.7","#AF550B"
"58050","51.7","#AF550B"
"58100","51.7","#AF550B"
"58150","51.4","#AF550B"
"58200","51.7","#AF550B"
"58250","51.7","#AF550B"
"58300","51.4","#AF550B"
"58350","51.4","#AF550B"
"58400","51.7","#AF550B"
"58450","51.7","#AF550B"
"58500","51.7","#AF550B"
"58550","51.4","#AF550B"
"58600","51.4","#AF550B"
"58650","51.7","#AF550B"
"58700","51.7","#AF550B"
"58750","51.7","#AF550B"
"58800","51.7","#AF550B"
"58850","51.7","#AF550B"
"58900","51.7","#AF550B"
"58950","51.7","#AF550B"
"59000","51.4","#AF550B"
"59050","51.4","#AF550B"
"59100","51.7","#AF550B"
"59150","51.7","#AF550B"
"59200","51.4","#AF550B"
"59250","51.4","#AF550B"
"59300","51.7","#AF550B"
"59350","51.7","#AF550B"
"59400","51.4","#AF550B"
"59450","51.4","#AF550B"
"59500","51.4","#AF550B"
"59550","51.7","#AF550B"
"59600","51.4","#AF550B"
"59650","51.7","#AF550B"
"59700","51.4","#AF550B"
"59750","51.7","#AF550B"
"59800","51.7","#AF550B"
"59850","51.4","#AF550B"
"59900","51.4","#AF550B"
"59950","51.7","#AF550B"
"60000","51.4","#AF550B"
"60050","51.7","#AF550B"
"60100","51.4","#AF550B"
"60150","51.7","#AF550B"
"60200","51.4","#AF550B"
"60250","52","#AF550B"
"60300","52","#AF550B"
"60350","51.4","#AF550B"
"60400","51.4","#AF550B"
"60450","51.4","#AF550B"
"60500","51.7","#AF550B"
"60550","51.7","#AF550B"
"60600","51.7","#AF550B"
"60650","51.7","#AF550B"
"60700","51.7","#AF550B"
"60750","51.7","#AF550B"
"60800","51.4","#AF550B"
"60850","51.7","#AF550B"
"60900","51.7","#AF550B"
"60950","51.4","#AF550B"
"61000","51.4","#AF550B"
"61050","51.7","#AF550B"
"61100","51.7","#AF550B"
"61150","51.4","#AF550B"
"61200","51.7","#AF550B"
"61250","51.7","#AF550B"
"61300","51.7","#AF550B"
"61350","51.7","#AF550B"
"61400","51.7","#AF550B"
"61450","51.4","#AF550B"
"61500","51.7","#AF550B"
"61550","51.7","#AF550B"
"61600","51.7","#AF550B"
"61650","51.4","#AF550B"
"61700","51.4","#AF550B"
"61750","51.4","#AF550B"
"61800","51.7","#AF550B"
"61850","51.4","#AF550B"
"61900","49.1","#AF550B"
"61950","51.4","#AF550B"
"62000","51.7","#AF550B"
"62050","51.7","#AF550B"
"62100","51.4","#AF550B"
"62150","51.7","#AF550B"
"62200","51.4","#AF550B"
"62250","51.4","#AF550B"
"62300","51.4","#AF550B"
"62350","51.7","#AF550B"
"62400","51.7","#AF550B"
"62450","51.4","#AF550B"
"62500","51.4","#AF550B"
"62550","51.7","#AF550B"
"62600","51.4","#AF550B"
"62650","51.7","#AF550B"
"62700","51.7","#AF550B"
"62750","51.7","#AF550B"
"62800","52.3","#AF550B"
"62850","51.4","#AF550B"
"62900","51.7","#AF550B"
"62950","51.4","#AF550B"
"63000","228.7","#098C09"
"63050","251","#098C09"
"63100","252.9","#098C09"
"63150","248.3","#098C09"
"63200","251.6","#098C09"
"63250","247.9","#098C09"
"63300","249.6","#098C09"
"63350","248.6","#098C09"
"63400","251.7","#098C09"
"63450","246.8","#098C09"
"63500","253","#098C09"
"63550","248.2","#098C09"
"63600","229.9","#098C09"
"63650","222.7","#098C09"
"63700","224.5","#098C09"
"63750","223.2","#098C09"
"63800","223.1","#098C09"
"63850","222.9","#098C09"
"63900","224.2","#098C09"
"63950","223.8","#098C09"
"64000","226.2","#098C09"
"64050","225.4","#098C09"
"64100","226.2","#098C09"
"64150","224.8","#098C09"
"64200","225.8","#098C09"
"64250","224.8","#098C09"
"64300","225.5","#098C09"
"64350","225.8","#098C09"
"64400","224.5","#098C09"
"64450","225.2","#098C09"
"64500","225.4","#098C09"
"64550","224.6","#098C09"
"64600","223.3","#098C09"
"64650","225.8","#098C09"
"64700","224","#098C09"
"64750","222.6","#098C09"
"64800","233.9","#098C09"
"64850","224.8","#098C09"
"64900","225.5","#098C09"
"64950","225.4","#098C09"
"65000","225.4","#098C09"
"65050","225.8","#098C09"
"65100","223.7","#098C09"
"65150","224.6","#098C09"
"65200","222.7","#098C09"
"65250","224.2","#098C09"
"65300","225.1","#098C09"
"65350","225.4","#098C09"
"65400","225.4","#098C09"
"65450","227.7","#098C09"
"65500","226.7","#098C09"
"65550","225.4","#098C09"
"65600","224.6","#098C09"
"65650","224","#098C09"
"65700","234.2","#098C09"
"65750","247.1","#098C09"
"65800","246","#098C09"
"65850","246.9","#098C09"
"65900","246.7","#098C09"
"65950","246.8","#098C09"
"66000","246.8","#098C09"
"66050","246.4","#098C09"
"66100","247","#098C09"
"66150","246","#098C09"
"66200","246.4","#098C09"
"66250","246.9","#098C09"
"66300","246.7","#098C09"
"66350","247.1","#098C09"
"66400","246.2","#098C09"
"66450","246.8","#098C09"
"66500","246.4","#098C09"
"66550","247","#098C09"
"66600","252.1","#098C09"
"66650","252.8","#098C09"
"66700","248.6","#098C09"
"66750","233.5","#098C09"
"66800","241.4","#098C09"
"66850","222.4","#098C09"
"66900","223.3","#098C09"
"66950","223.9","#098C09"
"67000","224.5","#098C09"
"67050","223.9","#098C09"
"67100","223.9","#098C09"
"67150","223.9","#098C09"
"67200","223.2","#098C09"
"67250","223.4","#098C09"
"67300","230.7","#AF0B0B"
"67350","226.7","#AF0B0B"
"67400","237","#AF0B0B"
"67450","227.3","#AF0B0B"
"67500","228.5","#AF0B0B"
"67550","237.6","#AF0B0B"
"67600","227.6","#AF0B0B"
"67650","229.4","#AF0B0B"
"67700","227","#AF0B0B"
"67750","226.1","#AF0B0B"
"67800","227.9","#AF0B0B"
"67850","228.6","#AF0B0B"
"67900","224.6","#AF0B0B"
"67950","224.2","#AF0B0B"
"68000","227.2","#AF0B0B"
"68050","228.7","#AF0B0B"
"68100","226.7","#AF0B0B"
"68150","225.8","#AF0B0B"
"68200","224.8","#AF0B0B"
"68250","230","#AF0B0B"
"68300","239","#AF0B0B"
"68350","240.2","#076969"
"68400","250.5","#076969"
"68450","248.6","#076969"
"68500","245.2","#076969"
"68550","251.1","#076969"
"68600","244.3","#076969"
"68650","151.5","#AF550B"
"68700","51.7","#AF550B"
"68750","54","#AF550B"
"68800","59.2","#AF550B"
"68850","51.7","#AF550B"
"68900","51.7","#AF550B"
"68950","51.7","#AF550B"
"69000","51.7","#AF550B"
"69050","51.7","#AF550B"
"69100","51.7","#AF550B"
"69150","51.7","#AF550B"
"69200","51.7","#AF550B"
"69250","51.7","#AF550B"
"69300","51.7","#AF550B"
"69350","51.7","#AF550B"
"69400","51.4","#AF550B"
"69450","51.4","#AF550B"
"69500","51.7","#AF550B"
"69550","51.7","#AF550B"
"69600","52.9","#AF550B"
"69650","51.7","#AF550B"
"69700","51.7","#AF550B"
"69750","51.7","#AF550B"
"69800","51.7","#AF550B"
"69850","51.7","#AF550B"
"69900","51.4","#AF550B"
"69950","51.7","#AF550B"
"70000","51.7","#AF550B"
"70050","51.7","#AF550B"
"70100","51.4","#AF550B"
"70150","51.7","#AF550B"
"70200","51.7","#AF550B"
"70250","51.7","#AF550B"
"70300","51.4","#AF550B"
"70350","51.4","#AF550B"
"70400","51.7","#AF550B"
"70450","51.7","#AF550B"
"70500","51.7","#AF550B"
"70550","51.7","#AF550B"
"70600","52","#AF550B"
"70650","51.7","#AF550B"
"70700","51.7","#AF550B"
"70750","51.7","#AF550B"
"70800","52","#AF550B"
"70850","51.7","#AF550B"
"70900","51.7","#AF550B"
"70950","51.7","#AF550B"
"71000","51.7","#AF550B"
"71050","51.7","#AF550B"
"71100","51.7","#AF550B"
"71150","51.7","#AF550B"
"71200","51.7","#AF550B"
"71250","51.4","#AF550B"
"71300","51.7","#AF550B"
"71350","51.4","#AF550B"
"71400","51.4","#AF550B"
"71450","41.3","#AF550B"
"71500","51.7","#AF550B"
"71550","51.4","#AF550B"
"71600","51.4","#AF550B"
"71650","51.7","#AF550B"
"71700","51.7","#AF550B"
"71750","51.7","#AF550B"
"71800","51.4","#AF550B"
"71850","51.7","#AF550B"
"71900","51.7","#AF550B"
"71950","51.7","#AF550B"
"72000","51.4","#AF550B"
"72050","51.4","#AF550B"
"72100","51.7","#AF550B"
"72150","51.7","#AF550B"
"72200","51.7","#AF550B"
"72250","51.7","#AF550B"
"72300","51.7","#AF550B"
"72350","51.7","#AF550B"
"72400","51.7","#AF550B"
"72450","53.3","#AF550B"
"72500","51.4","#AF550B"
"72550","51.4","#AF550B"
"72600","51.7","#AF550B"
"72650","51.7","#AF550B"
"72700","51.7","#AF550B"
"72750","51.7","#AF550B"
"72800","51.7","#AF550B"
"72850","51.7","#AF550B"
"72900","51.7","#AF550B"
"72950","51.4","#AF550B"
"73000","51.7","#AF550B"
"73050","51.7","#AF550B"
"73100","51.7","#AF550B"
"73150","51.7","#AF550B"
"73200","51.7","#AF550B"
"73250","51.4","#AF550B"
"73300","51.4","#AF550B"
"73350","51.7","#AF550B"
"73400","51.7","#AF550B"
"73450","52.3","#AF550B"
"73500","51.7","#AF550B"
"73550","51.7","#AF550B"
"73600","51.7","#AF550B"
"73650","51.7","#AF550B"
"73700","51.4","#AF550B"
"73750","51.7","#AF550B"
"73800","51.7","#AF550B"
"73850","51.4","#AF550B"
"73900","51.4","#AF550B"
"73950","51.7","#AF550B"
"74000","51.7","#AF550B"
"74050","51.7","#AF550B"
"74100","51.4","#AF550B"
"74150","51.7","#AF550B"
"74200","51.7","#AF550B"
"74250","51.7","#AF550B"
"74300","51.7","#AF550B"
"74350","51.7","#AF550B"
"74400","51.4","#AF550B"
"74450","51.7","#AF550B"
"74500","51.7","#AF550B"
"74550","51.7","#AF550B"
"74600","51.4","#AF550B"
"74650","51.7","#AF550B"
"74700","51.7","#AF550B"
"74750","51.7","#AF550B"
"74800","51.4","#AF550B"
"74850","51.7","#AF550B"
"74900","51.7","#AF550B"
"74950","51.7","#AF550B"
"75000","51.4","#AF550B"
"75050","51.7","#AF550B"
"75100","51.7","#AF550B"
"75150","51.4","#AF550B"
"75200","51.4","#AF550B"
"75250","51.7","#AF550B"
"75300","51.7","#AF550B"
"75350","52","#AF550B"
"75400","51.4","#AF550B"
"75450","51.7","#AF550B"
"75500","51.7","#AF550B"
"75550","51.7","#AF550B"
"75600","51.4","#AF550B"
"75650","51.4","#AF550B"
"75700","51.4","#AF550B"
"75750","51.7","#AF550B"
"75800","51.7","#AF550B"
"75850","51.7","#AF550B"
"75900","51.4","#AF550B"
"75950","51.4","#AF550B"
"76000","51.4","#AF550B"
"76050","51.7","#AF550B"
"76100","51.4","#AF550B"
"76150","51.4","#AF550B"
"76200","51.4","#AF550B"
"76250","51.7","#AF550B"
"76300","51.4","#AF550B"
"76350","51.7","#AF550B"
"76400","51.4","#AF550B"
"76450","51.4","#AF550B"
"76500","51.7","#AF550B"
"76550","51.7","#AF550B"
"76600","51.4","#AF550B"
"76650","51.4","#AF550B"
"76700","51.7","#AF550B"
"76750","54.6","#AF550B"
"76800","51.4","#AF550B"
"76850","51.4","#AF550B"
"76900","51.4","#AF550B"
"76950","51.7","#AF550B"
"77000","51.4","#AF550B"
"77050","51.4","#AF550B"
"77100","51.7","#AF550B"
"77150","51.7","#AF550B"
"77200","51.4","#AF550B"
"77250","51.7","#AF550B"
"77300","51.4","#AF550B"
"77350","51.4","#AF550B"
"77400","51.4","#AF550B"
"77450","51.4","#AF550B"
"77500","51.7","#AF550B"
"77550","51.4","#AF550B"
"77600","51.4","#AF550B"
"77650","51.7","#AF550B"
"77700","51.4","#AF550B"
"77750","49.1","#AF550B"
"77800","51.7","#AF550B"
"77850","51.4","#AF550B"
"77900","51.4","#AF550B"
"77950","51.4","#AF550B"
"78000","51.7","#AF550B"
"78050","51.7","#AF550B"
"78100","51.7","#AF550B"
"78150","51.4","#AF550B"
"78200","51.4","#AF550B"
"78250","51.7","#AF550B"
"78300","51.7","#AF550B"
"78350","51.4","#AF550B"
"78400","51.4","#AF550B"
"78450","51.7","#AF550B"
"78500","51.7","#AF550B"
"78550","51.4","#AF550B"
"78600","51.7","#AF550B"
"78650","151.9","#098C09"
"78700","248.4","#098C09"
"78750","250.8","#098C09"
"78800","249.2","#098C09"
"78850","249.6","#098C09"
"78900","247","#098C09"
"78950","252.6","#098C09"
"79000","248","#098C09"
"79050","248.8","#098C09"
"79100","248.9","#098C09"
"79150","249","#098C09"
"79200","248","#098C09"
"79250","242.6","#098C09"
"79300","222.8","#098C09"
"79350","223.4","#098C09"
"79400","225.1","#098C09"
"79450","222.7","#098C09"
"79500","222.6","#098C09"
"79550","223.3","#098C09"
"79600","227.9","#098C09"
"79650","225.4","#098C09"
"79700","222.9","#098C09"
"79750","227","#098C09"
"79800","225.2","#098C09"
"79850","223.5","#098C09"
"79900","225.7","#098C09"
"79950","224.2","#098C09"
"80000","224.2","#098C09"
"80050","223.3","#098C09"
"80100","222.9","#098C09"
"80150","223.7","#098C09"
"80200","225.1","#098C09"
"80250","226.7","#098C09"
"80300","224.5","#098C09"
"80350","225.1","#098C09"
"80400","225.1","#098C09"
"80450","225","#098C09"
"80500","223.6","#098C09"
"80550","223.3","#098C09"
"80600","224.9","#098C09"
"80650","222.4","#098C09"
"80700","222.7","#098C09"
"80750","225.3","#098C09"
"80800","222.6","#098C09"
"80850","223.2","#098C09"
"80900","227.3","#098C09"
"80950","224.9","#098C09"
"81000","223.3","#098C09"
"81050","236.8","#098C09"
"81100","224.2","#098C09"
"81150","223","#098C09"
"81200","223.5","#098C09"
"81250","222.7","#098C09"
"81300","222.9","#098C09"
"81350","225.4","#098C09"
"81400","248.6","#098C09"
"81450","247.7","#098C09"
"81500","247.6","#098C09"
"81550","248","#098C09"
"81600","247","#098C09"
"81650","248.3","#098C09"
"81700","247.3","#098C09"
"81750","248.8","#098C09"
"81800","247.6","#098C09"
"81850","248.7","#098C09"
"81900","248.4","#098C09"
"81950","249.8","#098C09"
"82000","248","#098C09"
"82050","248.4","#098C09"
"82100","247.1","#098C09"
"82150","248","#098C09"
"82200","247.3","#098C09"
"82250","250.5","#098C09"
"82300","249.8","#098C09"
"82350","251.5","#098C09"
"82400","251.4","#098C09"
"82450","259.4","#098C09"
"82500","223.3","#098C09"
"82550","226.1","#098C09"
"82600","225.5","#098C09"
"82650","224.6","#098C09"
"82700","224.9","#098C09"
"82750","225.4","#098C09"
"82800","224.6","#098C09"
"82850","225.4","#098C09"
"82900","225.1","#098C09"
"82950","226.4","#098C09"
"83000","225.1","#098C09"
"83050","226.2","#098C09"
"83100","227.8","#098C09"
"83150","232.4","#AF0B0B"
"83200","234","#AF0B0B"
"83250","230.5","#AF0B0B"
"83300","233.8","#AF0B0B"
"83350","226.4","#AF0B0B"
"83400","237.8","#AF0B0B"
"83450","234.2","#AF0B0B"
"83500","228.4","#AF0B0B"
"83550","231.6","#AF0B0B"
"83600","234.7","#AF0B0B"
"83650","225.8","#AF0B0B"
"83700","227","#AF0B0B"
"83750","225.9","#AF0B0B"
"83800","226.1","#AF0B0B"
"83850","226.4","#AF0B0B"
"83900","228.3","#AF0B0B"
"83950","228.3","#AF0B0B"
"84000","248.9","#AF0B0B"
"84050","242.8","#AF0B0B"
"84100","238.4","#AF0B0B"
"84150","244.2","#076969"
"84200","250.8","#076969"
"84250","249.2","#076969"
"84300","249.8","#076969"
"84350","251.1","#076969"
"84400","250.8","#076969"
"84450","155.5","#AF550B"
"84500","52","#AF550B"
"84550","52","#AF550B"
"84600","51.7","#AF550B"
"84650","51.7","#AF550B"
"84700","51.7","#AF550B"
"84750","51.7","#AF550B"
"84800","51.7","#AF550B"
"84850","51.7","#AF550B"
"84900","51.7","#AF550B"
"84950","51.7","#AF550B"
"85000","51.7","#AF550B"
"85050","51.7","#AF550B"
"85100","51.7","#AF550B"
"85150","52","#AF550B"
"85200","51.7","#AF550B"
"85250","51.7","#AF550B"
"85300","51.4","#AF550B"
"85350","51.7","#AF550B"
"85400","51.7","#AF550B"
"85450","51.4","#AF550B"
"85500","52","#AF550B"
"85550","51.7","#AF550B"
"85600","51.7","#AF550B"
"85650","51.7","#AF550B"
"85700","51.7","#AF550B"
"85750","51.7","#AF550B"
"85800","51.7","#AF550B"
"85850","51.7","#AF550B"
"85900","51.7","#AF550B"
"85950","52","#AF550B"
"86000","51.7","#AF550B"
"86050","51.7","#AF550B"
"86100","51.7","#AF550B"
"86150","51.7","#AF550B"
"86200","51.4","#AF550B"
"86250","51.7","#AF550B"
"86300","51.7","#AF550B"
"86350","51.7","#AF550B"
"86400","51.4","#AF550B"
"86450","51.7","#AF550B"
"86500","52","#AF550B"
"86550","51.7","#AF550B"
"86600","51.7","#AF550B"
"86650","51.7","#AF550B"
"86700","51.7","#AF550B"
"86750","51.7","#AF550B"
"86800","52.3","#AF550B"
"86850","51.7","#AF550B"
"86900","51.7","#AF550B"
"86950","51.7","#AF550B"
"87000","51.7","#AF550B"
"87050","51.7","#AF550B"
"87100","51.7","#AF550B"
"87150","51.7","#AF550B"
"87200","51.4","#AF550B"
"87250","51.7","#AF550B"
"87300","51.7","#AF550B"
"87350","51.7","#AF550B"
"87400","51.7","#AF550B"
"87450","51.4","#AF550B"
"87500","52.3","#AF550B"
"87550","51.7","#AF550B"
"87600","51.7","#AF550B"
"87650","51.7","#AF550B"
"87700","51.7","#AF550B"
"87750","51.7","#AF550B"
"87800","51.4","#AF550B"
"87850","51.7","#AF550B"
"87900","51.7","#AF550B"
"87950","51.7","#AF550B"
"88000","51.7","#AF550B"
"88050","51.4","#AF550B"
"88100","51.7","#AF550B"
"88150","51.7","#AF550B"
"88200","51.4","#AF550B"
"88250","51.7","#AF550B"
"88300","51.7","#AF550B"
"88350","51.7","#AF550B"
"88400","52.3","#AF550B"
"88450","51.7","#AF550B"
"88500","51.7","#AF550B"
"88550","51.7","#AF550B"
"88600","51.7","#AF550B"
"88650","51.7","#AF550B"
"88700","51.7","#AF550B"
"88750","51.7","#AF550B"
"88800","51.7","#AF550B"
"88850","51.4","#AF550B"
"88900","51.7","#AF550B"
"88950","51.7","#AF550B"
"89000","51.4","#AF550B"
"89050","51.7","#AF550B"
"89100","51.7","#AF550B"
"89150","51.7","#AF550B"
"89200","51.7","#AF550B"
"89250","51.7","#AF550B"
"89300","51.7","#AF550B"
"89350","51.7","#AF550B"
"89400","51.7","#AF550B"
"89450","51.7","#AF550B"
"89500","51.7","#AF550B"
"89550","51.7","#AF550B"
"89600","51.4","#AF550B"
"89650","51.7","#AF550B"
"89700","45.5","#AF550B"
"89750","51.7","#AF550B"
"89800","51.7","#AF550B"
"89850","51.7","#AF550B"
"89900","51.7","#AF550B"
"89950","51.4","#AF550B"
"90000","51.7","#AF550B"
"90050","51.7","#AF550B"
"90100","51.7","#AF550B"
"90150","51.7","#AF550B"
"90200","51.4","#AF550B"
"90250","51.4","#AF550B"
"90300","51.7","#AF550B"
"90350","51.4","#AF550B"
"90400","51.4","#AF550B"
"90450","51.7","#AF550B"
"90500","52.3","#AF550B"
"90550","51.4","#AF550B"
"90600","51.4","#AF550B"
"90650","51.7","#AF550B"
"90700","51.7","#AF550B"
"90750","51.7","#AF550B"
"90800","51.7","#AF550B"
"90850","51.7","#AF550B"
"90900","51.7","#AF550B"
"90950","51.7","#AF550B"
"91000","51.7","#AF550B"
"91050","51.4","#AF550B"
"91100","51.4","#AF550B"
"91150","51.7","#AF550B"
"91200","51.4","#AF550B"
"91250","51.4","#AF550B"
"91300","51.4","#AF550B"
"91350","51.7","#AF550B"
"91400","51.7","#AF550B"
"91450","51.7","#AF550B"
"91500","52","#AF550B"
"91550","51.7","#AF550B"
"91600","51.7","#AF550B"
"91650","51.7","#AF550B"
"91700","51.4","#AF550B"
"91750","51.4","#AF550B"
"91800","51.4","#AF550B"
"91850","51.7","#AF550B"
"91900","51.4","#AF550B"
"91950","51.7","#AF550B"
"92000","51.4","#AF550B"
"92050","51.4","#AF550B"
"92100","51.7","#AF550B"
"92150","51.7","#AF550B"
"92200","51.7","#AF550B"
"92250","51.7","#AF550B"
"92300","51.8","#AF550B"
"92350","51.7","#AF550B"
"92400","51.7","#AF550B"
"92450","51.4","#AF550B"
"92500","51.7","#AF550B"
"92550","51.7","#AF550B"
"92600","51.4","#AF550B"
"92650","51.7","#AF550B"
"92700","51.7","#AF550B"
"92750","51.7","#AF550B"
"92800","51.7","#AF550B"
"92850","51.7","#AF550B"
"92900","51.7","#AF550B"
"92950","51.7","#AF550B"
"93000","51.7","#AF550B"
"93050","51.7","#AF550B"
"93100","51.4","#AF550B"
"93150","51.7","#AF550B"
"93200","51.4","#AF550B"
"93250","51.7","#AF550B"
"93300","51.7","#AF550B"
"93350","44.5","#AF550B"
"93400","51.7","#AF550B"
"93450","51.7","#AF550B"
"93500","51.7","#AF550B"
"93550","51.7","#AF550B"
"93600","51.7","#AF550B"
"93650","51.4","#AF550B"
"93700","51.7","#AF550B"
"93750","51.7","#AF550B"
"93800","51.4","#AF550B"
"93850","51.7","#AF550B"
"93900","51.7","#AF550B"
"93950","51.4","#AF550B"
"94000","51.4","#AF550B"
"94050","51.7","#AF550B"
"94100","51.4","#AF550B"
"94150","51.4","#AF550B"
"94200","51.7","#AF550B"
"94250","51.4","#AF550B"
"94300","51.7","#AF550B"
"94350","51.7","#AF550B"
"94400","51.7","#AF550B"
"94450","201.6","#098C09"
"94500","253.6","#098C09"
"94550","250.5","#098C09"
"94600","249.6","#098C09"
"94650","252.1","#098C09"
"94700","250.4","#098C09"
"94750","251","#098C09"
"94800","250.8","#098C09"
"94850","253.9","#098C09"
"94900","249.8","#098C09"
"94950","251.4","#098C09"
"95000","250.5","#098C09"
"95050","230.7","#098C09"
"95100","224.6","#098C09"
"95150","225.2","#098C09"
"95200","225.3","#098C09"
"95250","224.2","#098C09"
"95300","223","#098C09"
"95350","224.6","#098C09"
"95400","224.5","#098C09"
"95450","224.8","#098C09"
"95500","224.9","#098C09"
"95550","225.5","#098C09"
"95600","223","#098C09"
"95650","225.4","#098C09"
"95700","225.1","#098C09"
"95750","225.1","#098C09"
"95800","225.8","#098C09"
"95850","225.5","#098C09"
"95900","225.5","#098C09"
"95950","223.9","#098C09"
"96000","224.6","#098C09"
"96050","225.1","#098C09"
"96100","226.2","#098C09"
"96150","226.1","#098C09"
"96200","225.1","#098C09"
"96250","226.2","#098C09"
"96300","225.8","#098C09"
"96350","224.9","#098C09"
"96400","230.1","#098C09"
"96450","223.7","#098C09"
"96500","223.3","#098C09"
"96550","231","#098C09"
"96600","224.2","#098C09"
"96650","221.4","#098C09"
"96700","239.1","#098C09"
"96750","225.6","#098C09"
"96800","225.5","#098C09"
"96850","225.5","#098C09"
"96900","225.8","#098C09"
"96950","226.1","#098C09"
"97000","224","#098C09"
"97050","222.9","#098C09"
"97100","223.3","#098C09"
"97150","234.8","#098C09"
"97200","246.1","#098C09"
"97250","246.7","#098C09"
"97300","246.1","#098C09"
"97350","245.5","#098C09"
"97400","247.2","#098C09"
"97450","246.7","#098C09"
"97500","246.9","#098C09"
"97550","246.1","#098C09"
"97600","245.8","#098C09"
"97650","245.9","#098C09"
"97700","246","#098C09"
"97750","244.7","#098C09"
"97800","246.4","#098C09"
"97850","246.3","#098C09"
"97900","246.6","#098C09"
"97950","246.2","#098C09"
"98000","246.8","#098C09"
"98050","252.8","#098C09"
"98100","252.4","#098C09"
"98150","249.2","#098C09"
"98200","267.7","#098C09"
"98250","221.4","#098C09"
"98300","225.8","#098C09"
"98350","223","#098C09"
"98400","222.9","#098C09"
"98450","223.3","#098C09"
"98500","223.4","#098C09"
"98550","223.3","#098C09"
"98600","224","#098C09"
"98650","223.7","#098C09"
"98700","223","#098C09"
"98750","222.8","#098C09"
"98800","234.6","#AF0B0B"
"98850","248.8","#AF0B0B"
"98900","247.7","#AF0B0B"
"98950","235.7","#AF0B0B"
"99000","224.7","#AF0B0B"
"99050","230.4","#AF0B0B"
"99100","236.1","#AF0B0B"
"99150","227.4","#AF0B0B"
"99200","224.9","#AF0B0B"
"99250","229.5","#AF0B0B"
"99300","234.2","#AF0B0B"
"99350","224.9","#AF0B0B"
"99400","226.3","#AF0B0B"
"99450","232.2","#AF0B0B"
"99500","225.7","#AF0B0B"
"99550","228.6","#AF0B0B"
"99600","232.3","#AF0B0B"
"99650","224.9","#AF0B0B"
"99700","226.8","#AF0B0B"
"99750","232.7","#AF0B0B"
"99800","264.2","#076969"
"99850","249.6","#076969"
"99900","248.4","#076969"
"99950","253.3","#076969"
